{
    "top_candidates": 4,
    "holding_zone": 78,
    "w_EV_UFCF": 0.3167,
    "w_EV_EBITDA_CAPEX": 0.25,
    "w_ROA": 0.15,
    "w_Alpha_6F": 0.0167,
    "w_Momentum_12M_1M": 0.3167,
    "top_candidates_distribution": [
        4,
        3,
        5
    ],
    "holding_zone_distribution": [
        75,
        80,
        80
    ],
    "w_EV_UFCF_distribution": [
        0.30000000000000004,
        0.30000000000000004,
        0.35000000000000003
    ],
    "w_EV_EBITDA_CAPEX_distribution": [
        0.05,
        0.4,
        0.30000000000000004
    ],
    "w_ROA_distribution": [
        0.2,
        0.05,
        0.2
    ],
    "w_Alpha_6F_distribution": [
        0.0,
        0.0,
        0.05
    ],
    "w_Momentum_12M_1M_distribution": [
        0.4,
        0.2,
        0.35000000000000003
    ],
    "h_roa_min": 0.0,
    "h_ebit_min": 0.0,
    "h_int_cov_min": 1.5,
    "h_pass_fin": 4,
    "h_pass_std": 5
}